country,1970,1971,1972,1973,1974,1975,1976,1977,1978,1979,1980,1981,1982,1983,1984,1985,1986,1987,1988,1989,1990,1991,1992,1993,1994,1995,1996,1997,1998,1999,2000,2001,2002,2003,2004,2005,2006,2007,2008,2009,2010,2011,2012,2013,2014,2015,2016,2017
Afghanistan,,,,,1430000,,,,,,,,,,,,,,,,,,,1840000,,,,,,,,,,,,,,,,,,,,,,,,
Albania,,,,,,,,,,,,,,,,,,,,,,,,,,,,,,7470,11200,15000,,19800,21200,,,,26700,36100,32900,29000,20000,11000,6980,7560,7100,
Algeria,,,,881000,796000,746000,703000,674000,660000,677000,661000,673000,706000,753000,741000,753000,731000,701000,675000,647000,639000,575000,536000,567000,576000,569000,592000,616000,,479000,437000,334000,272000,243000,203000,183000,168000,154000,100000,30000,32000,27400,26000,,,24900,27900,
Angola,,,,,,,,,,,,,651000,718000,,,,,,,,,,,,,,,1040000,,,,,,,,,,944000,1010000,1010000,955000,,,,,,
Antigua and Barbuda,,,,,,,,,,,,,,,,,,,,,,,,,,,,,,,,,,,,,,1890,1820,1910,2230,2440,2600,,2600,2130,,
Argentina,161000,,,,113000,122000,,,,,,,,,,,,252000,,,,173000,,,,,,,2550,10300,18900,,,19100,33500,27200,22000,17600,23400,23700,39600,36700,35100,27900,14100,11600,,
Armenia,,,,,,,,,,,,,,,,,,,,,,,,,,,,,,,,,21000,22100,,14900,9440,3290,,,,,,,,11000,12100,
Australia,,57700,,78900,88300,46200,30500,425,294,329,713,3010,20200,35200,61800,59700,49000,41000,31700,30700,37300,46800,50900,57600,62500,98800,91600,99400,101000,108000,110000,115000,113000,99800,92100,82500,78800,64300,62100,60000,55100,43000,45900,50100,58400,60300,69200,
Austria,,46600,51200,58500,62900,63700,65500,,,,,,,,,,,,,19500,,,,,,,,,,,,,,,,,,,,,,,,,,,,
Azerbaijan,,,,,,,,,,,,,,,,,,,,,,17400,18100,42500,85300,81300,47900,74200,85200,56900,84700,102000,103000,110000,98100,95400,92600,89400,84500,74700,78400,64300,53700,31400,25300,29700,27500,
Bahamas,,,26,1170,193,,349,,,,877,,,,1300,,,,,,,,4050,3960,2600,,,,,3040,,,,,1950,481,956,447,461,1240,693,,,,,,3740,
Bahrain,,8600,7500,7140,6680,5610,7130,7410,8520,8460,7850,8150,9010,7990,6540,4470,1970,2340,933,526,,351,1850,1270,1360,598,96,268,39,331,1560,4060,4480,5430,5990,8530,7390,,,,,7940,7270,6390,4450,2140,2330,
Bangladesh,4690000,,,3080000,,,2600000,3200000,3330000,,,3880000,,4380000,4710000,5100000,5400000,5690000,4360000,4450000,4090000,,,,,,,,,,,,,,,792000,720000,,1230000,1080000,842000,,,,,,,
Barbados,,5170,4460,4090,,,359,495,520,338,,1710,1720,1120,,,,,,74,597,,2580,,,,,,,681,1080,1310,1950,1980,2230,2250,1810,1180,719,1390,1120,1460,,,1920,1680,1570,
Belarus,,,,,,,,,,,,,,,,,,,,,,,,,,81000,,,,,,17000,29600,27200,32000,38200,36600,35600,,27700,29700,31300,20300,24700,24700,20900,14400,
Belgium,,,,,,,,32600,,20100,15300,24100,23000,47100,51500,53600,42100,31400,22400,,,24900,35300,16800,21400,21200,17900,,,6380,5960,6070,7850,15100,27000,29500,26900,19900,15500,16000,17800,17000,14600,14500,15100,12300,,
Belize,,,,,,,,,,,,,,,,,,,,,,,,,,,,,,299,1420,2610,,2600,1970,2190,1940,2160,1720,1340,929,1090,204,522,395,359,376,
Benin,,,,,,,,,,,,,,,334000,340000,364000,,393000,403000,494000,,442000,422000,425000,416000,406000,386000,,,,,,191000,157000,214000,177000,,140000,83700,75600,79100,70200,,59900,,,
Bhutan,,,,,,,,,48900,48700,,,,,,,,,,,,,,,,,,,51800,51400,48500,44600,,,,32400,28100,,21700,16700,14300,13400,11500,12800,,15600,17300,
Bolivia,,,,,,,,,,,,,,,,,,,,,,,,,,,,,57300,56100,48500,46000,43500,37500,40100,39900,40600,44600,68100,27500,60700,92100,139000,145000,149000,140000,126000,
Botswana,79100,85100,85100,85100,81000,72900,67600,62400,62700,61600,55300,46800,,42000,42900,40100,39100,38400,38700,38600,41200,36800,39400,40800,40300,63800,60300,,49000,50600,47300,42800,42400,42500,40200,42900,39600,41800,43100,40800,,,21800,19800,33900,,,
Brazil,,,,,,,,,,,,,,,,,,,,,,,,,,,,,,244000,,150000,432000,768000,627000,549000,,1060000,197000,454000,,535000,555000,950000,791000,772000,,
Brunei,,,,,,,,2660,2730,5550,5810,7190,7920,7720,7570,,6620,,,,,3550,2970,2060,2050,749,,,,,,,,,,,,,,1130,,,1350,1030,1420,1440,1290,
Bulgaria,,,,,,,,,,,,,,,,,,,,,,,,,,,26000,21100,10400,9620,11000,10400,13400,11900,9170,12000,8730,1190,795,1640,1150,1200,5580,9260,10900,14000,18900,
Burkina Faso,,776000,788000,,,,,866000,884000,902000,916000,924000,928000,940000,955000,963000,969000,981000,1010000,1040000,,1090000,1110000,1130000,1140000,1150000,,,1170000,1190000,1200000,1210000,1260000,1250000,1240000,1180000,1130000,1040000,928000,887000,1040000,949000,946000,950000,941000,920000,761000,
Burundi,,,,470000,,,,,499000,,497000,487000,472000,441000,421000,407000,407000,390000,390000,,,,,481000,,,,,,,687000,590000,603000,565000,551000,517000,308000,220000,85900,109000,39600,,,,,,,
Cambodia,,,,,,,,,,,,,,,,,,,,,,,,,,,,347000,313000,275000,154000,,,48300,,,103000,79300,102000,,117000,45200,46700,,89800,87700,138000,
Cameroon,,354000,378000,411000,449000,388000,382000,412000,410000,412000,423000,,,,,,,,454000,,507000,563000,,,,,,,,,,,,,,,,,403000,331000,,290000,197000,,185000,,178000,
Canada,,,,,,,,,,,,,97300,103000,115000,118000,111000,111000,112000,108000,109000,51700,58400,97200,111000,139000,117000,,38000,7180,1970,,,,,,,,,,,,11600,12100,13200,9010,863,
Cape Verde,,,,,,,,,,,,5660,6310,7770,4540,3150,2540,1990,227,,435,,,,555,,,,151,,303,1260,1560,2050,3490,3970,4660,5740,7150,8050,8660,9200,8750,8910,8730,8650,9040,
Central African Republic,,136000,133000,131000,,,,157000,162000,,,159000,158000,157000,,,160000,209000,225000,232000,198000,224000,,,,,,,,,,,,,,336000,339000,294000,240000,243000,231000,247000,232000,,,,,
Chad,,,,,,473000,,491000,,,,,,,,,,,616000,,,,,,,,766000,728000,689000,691000,695000,704000,680000,685000,,,,,,,,802000,,486000,,,,
Chile,,,,,,,,,,,,,,,,,,,,,,,,,,,,,,,,,,,,,,72200,76200,110000,102000,120000,128000,140000,137000,125000,106000,
China,,,,,,,,,,,,,,,,,,6040000,4450000,3400000,3040000,3760000,5300000,6910000,8960000,11200000,13000000,14100000,,,,,,,,,,,,,,,,,,,,
Colombia,,,,,,,,,,,,,1050000,,1160000,1240000,1350000,1360000,1400000,1430000,,1360000,1040000,1010000,965000,814000,589000,,261000,158000,106000,126000,104000,,118000,106000,149000,173000,152000,129000,114000,110000,230000,279000,309000,269000,250000,
Comoros,,,,,,,,,,,,,,6840,,,9760,14900,,,,,,,23400,,,,,34900,29400,,,,,,,20900,,,,,,14900,19800,,,
"Congo, Dem. Rep.",,982000,1070000,,,1080000,,,,1100000,,,,1110000,1110000,,,,1850000,,,2210000,2400000,2570000,2600000,2160000,,,,4760000,,,,,,,,,,,,,,,,,,
"Congo, Rep.",,,40200,,27900,,21900,,13600,13400,38000,42400,42100,42200,39500,,,,,,,,,,,,,,,,,,,,,270000,260000,,,,102000,,90100,,,,,
Costa Rica,39900,,34800,32300,,33500,28300,,33100,37100,35900,33400,38900,,,50500,48500,49200,,50700,52100,51200,43200,40500,43200,35700,24400,,,,,,,,,,,,,,,2460,2290,6560,15600,15000,13900,
Cote d'Ivoire,,,,,,,,570000,,,,,,,,,,,,,,1090000,1110000,,,,1110000,1110000,,1120000,1170000,1090000,1110000,1270000,,,,,,1450000,,,,1080000,939000,819000,462000,
Croatia,,,,,,,,,,,,,,,,,,,,,,,,,,,,,36200,16200,12800,7730,3340,496,,2100,2210,2370,5430,16100,9550,5250,2490,2840,2710,2740,4010,
Cuba,,,98800,80400,68500,,,,,23400,33600,63500,76900,72600,86900,101000,89400,67600,65800,63000,66700,71600,52800,46300,25300,27200,8020,10900,13900,12500,19300,26000,29400,47700,49200,50700,49600,29300,20800,1540,411,29,3130,3300,25800,33500,,
Cyprus,,16000,16600,16300,16500,20900,22400,22700,21900,21000,21100,18900,21000,20900,20800,20300,17300,14800,14200,14600,15600,16000,17900,1510,1990,2460,2520,2410,,1330,1280,1620,973,879,783,205,280,371,571,453,386,387,988,1360,1540,1180,,
Denmark,,,,,,,,,,,,20600,16600,8810,4460,5140,5380,4520,3930,8170,8300,6050,8620,9980,4270,5640,6190,,1980,7520,7180,598,560,,7260,16100,14600,12300,14400,14600,15100,10500,8180,6240,7550,6030,4540,
Djibouti,,,,,,,,,,,,,,,,52500,54300,58400,62700,66400,68600,70200,69800,72900,73600,74800,77700,82000,,85900,85800,81700,79400,,74700,73300,70300,66700,52800,53800,,45700,,45500,37600,43500,46200,39600
Dominica,,,,,,221,1110,1190,,2050,2120,2290,1710,,,,,,,,,,,,,,,,,,155,274,131,201,153,424,563,932,853,222,,,,,,,117,
Dominican Republic,,,213000,,,,,,,,,,,,,,,,,,,,,,,,,,,191000,181000,,114000,152000,214000,193000,212000,137000,180000,61600,96300,109000,133000,149000,179000,142000,155000,
Ecuador,,204000,,209000,204000,217000,217000,185000,167000,132000,152000,,,,,,,,,,,,,,123000,119000,104000,65700,60000,64100,52000,24900,11100,12200,,11100,9790,11400,,50000,58600,54000,59100,64900,35000,37400,33600,39300
Egypt,,2010000,2030000,2090000,,,,,2220000,,,,,,,,,,,,,,,,1250000,,,1270000,,1430000,1220000,1070000,928000,768000,579000,637000,816000,280000,,189000,103000,488000,333000,,361000,,155000,
El Salvador,216000,,,,,,,,,,,,,,,,,,,,,,,,,,,,145000,,73300,70500,56700,57200,,30300,30700,36100,34600,33500,31500,32600,38400,58800,76000,93500,103000,
Equatorial Guinea,,,,,,,,,,,,,,,,,,,,,,,,,24400,,,,,,25300,21000,23400,25800,,,,,60300,64400,68100,69600,70700,,,84600,,
Eritrea,,,,,,,,,,,,,,,,,,,,,,,349000,,355000,358000,358000,359000,,335000,308000,294000,264000,238000,223000,214000,218000,246000,268000,293000,316000,315000,313000,351000,362000,384000,,
Estonia,,,,,,,,,,,,,,,,,,,,,,,,,,17200,12400,,999,1070,1250,1250,1220,2740,3430,3360,3510,2480,2730,2790,636,257,293,1300,4590,5280,,
Ethiopia,,,,,,,,,,,,,,,,,,4840000,4960000,5220000,,,,,7270000,7310000,7150000,,6780000,6690000,6440000,6140000,6070000,6190000,6070000,4930000,4500000,3960000,3300000,3450000,3820000,3290000,3150000,,2150000,2220000,,
Fiji,,,,,,,,,,,,,,,,,,,,,,,3780,,3370,5000,7560,7090,6040,6430,5800,2290,847,731,852,,845,370,647,599,,928,1290,2860,,2030,,
Finland,,,88200,,,,,,,12300,,,,,,,,,,,,,,4930,5360,6600,6340,4940,1970,617,1010,943,2370,5200,8860,10300,12100,9580,7750,7020,5890,4940,3070,3060,1990,2850,3140,
France,,122000,118000,108000,88800,,104000,93800,,5030,10300,,58200,152000,,174000,65800,4590,6910,,1440,1740,14800,74000,82300,46000,10300,16000,,11300,13200,13500,15700,20700,32300,27300,31200,29600,31600,28200,27700,38400,44400,31400,30600,28400,,
Gabon,,,,,,642,,,,,,,,,,,,,,,,,,,,,,15600,,,,,,,,,,,,,,,,,,,,
Gambia,,45800,49200,51300,53900,55900,57500,53800,51000,51000,49500,43600,42100,40700,40700,39900,42500,,,,71000,,83700,81800,,,71400,,67600,47400,53100,52600,58700,53100,54800,63300,55300,58100,71500,,82100,85200,81100,95800,90200,83300,78800,72600
Georgia,,,,,,,,,,,,,,,,,,,,,,,,,,61500,61500,56200,,,,,,,52900,53600,42800,20000,13600,14700,,10400,5360,915,688,1050,1060,
Germany,,,,,,,,,,,,,,,,,,,,,,,,,,,,,,6510,38,2010,7550,14300,3610,4320,7260,2230,8100,9960,9470,9600,12400,5260,4780,5330,,
Ghana,,,,,,,,,,,,,,,,,,,,,,,,,,,,,,1110000,1020000,1200000,1150000,1220000,,1150000,1210000,1040000,885000,945000,,667000,717000,542000,454000,395000,544000,623000
Greece,,72400,67600,57500,43400,40600,39400,45000,51900,61100,75800,61300,58800,50900,51400,52800,61400,82000,74600,78300,79300,79900,93400,107000,109000,96400,98700,91400,41800,37300,28600,36500,35100,34800,36900,44300,48000,48800,,,41000,38700,36500,40300,49100,43500,,
Grenada,,,3810,,,,,396,196,241,679,1480,2000,1990,1580,,,,,,,,,,,,,,,2,,,602,,225,1390,,938,587,343,,,,200,338,286,411,
Guatemala,500000,501000,506000,,520000,523000,,,543000,553000,547000,527000,581000,552000,,,,,,,,,,,,,,519000,,358000,315000,338000,281000,,195000,165000,132000,109000,111000,46100,59500,113000,182000,237000,281000,286000,298000,
Guinea,,,,,,,,,,,,,,,514000,509000,544000,581000,596000,623000,660000,674000,,,,,,,802000,788000,761000,727000,637000,599000,566000,546000,520000,498000,522000,510000,479000,417000,433000,422000,363000,,,
Guinea-Bissau,,,,,,,,,,,,67100,58500,,67000,70200,,87500,92800,,,,,,,,,,,,107000,,,,,,,,,,66300,,,,,,,
Guyana,,17400,15600,,12200,,17300,11200,,15700,,,14800,,,,,,,,,8760,11100,12700,,10600,12100,,,,,,,12300,,,,,2890,8090,4220,2290,4300,,,,,
Haiti,,,,,,,,,,,548000,544000,503000,475000,517000,484000,479000,584000,,,,,,,,,,564000,,,,,,,,,,,,,,,,,,,,
Honduras,,,,,,,,,168000,152000,154000,,94600,87200,83000,,89800,,,,,120000,,114000,,,,,,,153000,,,129000,112000,161000,100000,168000,125000,140000,140000,131000,173000,208000,209000,224000,202000,
Hungary,,,,,,,,,,,,,,,,,,,,,,,,,40700,46000,107000,65000,20200,19500,17000,15000,14300,19300,20300,16000,12700,15500,11700,9640,10500,13100,15000,15600,14700,14100,12200,
Iceland,,,,,,,,226,,,,,,,,,,,,,,,,,792,,599,453,144,333,329,230,225,549,1080,1010,837,570,233,93,215,361,523,567,542,420,,
India,,27900000,,,,,,,,,,,,,,,,,,,23800000,,,,,,,,,,19000000,19200000,19500000,13700000,,,,3770000,3770000,5480000,4810000,5380000,3830000,2900000,,,,
Indonesia,,5470000,5410000,,5780000,5430000,4960000,4570000,3190000,,,2290000,936000,618000,557000,536000,694000,481000,570000,537000,973000,1220000,1460000,1790000,1660000,1710000,1990000,1990000,,,,1000000,1200000,1360000,1580000,1850000,1510000,845000,1000000,710000,537000,682000,1130000,1960000,2280000,,2360000,
Iran,,1940000,,,,,,,,,,,,,1000000,1050000,1050000,1080000,1070000,1090000,621000,,329000,,,,,617000,,1250000,1260000,,499000,512000,278000,273000,70400,57000,,22500,16900,9180,19200,90900,30900,41400,,
Iraq,,664000,659000,653000,648000,692000,566000,569000,558000,236000,156000,178000,,298000,,340000,329000,287000,264000,303000,,,,701000,,,834000,,,381000,431000,,,232000,291000,,,345000,,,,,,,,,,
Ireland,,19300,24400,24000,26600,24000,19100,15600,14900,19300,27800,40100,52500,61700,,,67200,63100,57800,54500,51700,53000,55300,55300,53400,50500,45900,,2790,844,1090,1200,996,444,797,495,489,256,1030,1780,1890,4400,2660,3140,4020,1730,,
Israel,,,,,,,,,,,,,,,,,,,,,,,,,,,,,,15200,13700,10900,13200,12800,15900,17100,21000,19900,20500,23200,20300,23300,18600,22300,24400,20700,25500,
Italy,,,,23400,,,79100,,,26200,,,,,,41000,,,,,,,,,,85700,53800,32800,,2410,6870,9170,11500,12700,18000,19000,21400,22900,24500,23500,20700,28100,19200,15400,18800,27100,,
Jamaica,,,,,,17900,27700,25500,,12400,12200,12500,,8780,12800,15200,14300,7340,17500,6210,8700,14300,,24900,,,,,,29200,24400,25600,28200,32500,26500,,,,,,,,,,,,,
Japan,,66300,113000,168000,335000,230000,134000,89100,139000,116000,7090,54300,172000,213000,185000,73500,13700,13800,14600,15200,18000,66300,97100,,42900,20800,,,158000,174000,172000,156000,95400,52200,16400,19300,21200,19500,16700,13900,45400,56600,72900,92500,116000,80600,,
Jordan,,,39000,23700,17500,16900,15200,12800,9730,12000,35300,46700,49900,64500,67600,65100,,,,,,,,,,,,,,67100,59600,,41900,32200,32200,,,,,,,,,,,,,
Kazakhstan,,,,,,,,,,,,,,,,,,,,,,,,,,,,,,,82200,41000,26300,22000,18200,15600,23100,23400,9950,5000,3340,7090,5930,6370,5620,1670,3260,11300
Kenya,,,,,,,,,,,,,,,,,,,,,,,,,,,,,,1970000,1830000,1790000,2110000,1530000,1680000,1700000,1800000,1210000,1490000,1420000,,,1210000,,,,,
Kiribati,,,,,,,,,,133,,28,,65,57,122,277,635,,189,,31,12,155,139,244,252,129,,,,,,,,,,,,,,,,,336,477,300,
Kuwait,,33300,33300,32100,32600,33200,33800,29900,20000,23500,26900,26600,25800,22200,20200,17900,18700,28900,33900,,,,105000,,51800,,14900,15200,6810,7780,12800,13900,10300,11100,8670,14800,,4500,2460,,2740,1910,3580,5840,6400,6220,8800,
Kyrgyz Republic,,,,,,,,,,,,,,,,,,,,,,,,,,,36200,,,32600,35100,30700,30500,31100,9540,19500,13600,17500,19400,22000,19300,20000,6140,6170,7630,8010,6760,
Lao,,,,,,,,,,,,,,,,,,,191000,,203000,,256000,234000,218000,,220000,209000,191000,192000,190000,197000,191000,171000,164000,151000,136000,113000,92800,74100,38800,38800,38300,23500,20600,32500,39600,
Latvia,,,,,,,,,,,,,,,,,,,,,,,,,,,,,,6430,,,,,,,,,1660,2350,2330,2180,1870,3270,5690,5340,,
Lebanon,,,,,7150,,,,,,,,,,,,,,,,,,,,,,,49300,640,,,,5640,9620,18200,38300,52200,47500,42800,36600,29400,29400,44800,53100,82000,86800,85500,
Lesotho,78900,88600,89300,90600,75600,,77000,76700,94200,93600,95000,97100,89000,93300,93300,88600,89100,85300,82800,86500,92100,88500,88900,98200,95300,99600,99700,,129000,143000,70800,70300,69100,69100,78100,81200,80300,89200,84800,82000,74000,68400,63600,70500,68300,68500,67700,
Liberia,,,,,,,,,,,,,,,,,,,,,,,,,,,,,,221000,,,,,,,341000,,331000,362000,,388000,,,441000,453000,,
Libya,,74300,49700,34700,27500,27000,21500,20100,34800,,17800,19200,,12400,,,,,,,,,,,,,,,,,,,,,,,,,,,,,,,,,,
Liechtenstein,,,,,,,,,,,,,,,,,,,,,,,,,,,,,,,,,,16,12,,24,23,16,30,16,25,29,,47,4,13,
Lithuania,,,,,,,,,,,,,,,,,,,,,,,,,,,,,8350,7800,4400,3810,7870,13100,16700,15300,9980,4620,1260,1000,869,2200,2390,1590,569,600,363,
Luxembourg,,,2780,3150,2450,2730,2810,2960,3030,,,5830,4150,4340,4580,,4490,5290,3750,,,,,,,,,,,839,939,1080,1020,1410,1200,779,609,576,839,,1700,1960,1600,1750,1470,856,,
"Macedonia, FYR",,,,,,,,,,,,,,,,,,,,,,,,,,,,,11300,11500,5500,6650,7980,9290,8640,8380,9370,9350,12200,10300,5950,,12700,13700,12800,9610,,
Madagascar,,,369000,,,,,,,,,,,,,,,,,547000,582000,,,,,839000,820000,,,737000,731000,728000,736000,529000,,,,,,,,,,,,,,
Malawi,,,,,,,,,,,,,,,,,,,,,,,,,,,,,,88600,,,31700,,61600,75800,113000,225000,75900,81600,,,,,,,,
Malaysia,249000,262000,245000,,,,,,,,,,,,,,,,,,,,,,78400,,,,128000,134000,49900,69000,108000,93400,21200,12400,144000,150000,147000,118000,106000,72000,22000,2760,11300,14000,32600,
Maldives,,,,,,,,,,,,,,,,,,,,,,,,,,,,2690,,2380,1630,983,901,,254,896,1020,1190,1860,1560,,,,,,1460,753,
Mali,,722000,728000,740000,735000,,,780000,,,,,,,,,,,,,,,,,,,,,,960000,,,901000,930000,960000,887000,886000,868000,,767000,771000,775000,864000,1020000,1040000,1160000,1160000,
Malta,,7040,7320,7650,7010,5690,3750,2090,1040,770,1500,2090,2200,2840,2600,1600,1830,2270,2270,1930,1520,1320,1240,1090,1470,1130,547,276,,,,,,,,,,,,,,435,475,141,277,360,585,
Marshall Islands,,,,,,,,,,,,,,,,,,,,,,,,,,,,,,,,,143,,,,,,,,,24,,,,1900,1910,
Mauritania,,,,,,,,,,,,,,,,199000,,,,,,,,,197000,179000,170000,,165000,172000,176000,165000,172000,163000,134000,144000,135000,134000,155000,163000,165000,166000,176000,164000,156000,,184000,
Mauritius,,,34900,33400,31400,28700,27700,22600,25700,29600,28800,23900,15500,11100,6790,118,2020,441,679,832,3470,9000,,8640,7390,6230,3550,2510,5060,9170,8760,9490,7390,8020,6940,4760,4630,4020,3810,3920,3990,3660,6850,4190,3580,3680,4430,
Mexico,,1860000,,,,,,1290000,,,,,,,,772000,530000,415000,419000,659000,395000,430000,379000,396000,453000,477000,516000,576000,553000,150000,89300,83500,78000,69100,155000,331000,470000,512000,520000,429000,304000,191000,147000,164000,171000,157000,140000,
"Micronesia, Fed. Sts.",,,,,,,,,,,,,,,,,,,,,,,,,,,,,,,,,,,,,,,,,,,,,1900,2300,,
Moldova,,,,,,,,,,,,,,,,,,,,,,,,,,,,,,,18500,10500,9110,7180,6720,12500,16600,17000,15400,15500,14900,13900,13900,13900,14900,15100,,
Mongolia,,,,,,,,,,,4810,,,9280,,,,8590,,,,,,,,34400,28900,37700,28900,24100,18300,14300,16200,31800,15600,19400,6220,5390,4250,7810,5140,4270,5460,10600,9870,5820,3360,
Montenegro,,,,,,,,,,,,,,,,,,,,,,,,,,,,,,,,,,916,,699,509,1250,1290,,,3320,1470,,,2030,2440,
Morocco,,1530000,1540000,1560000,,1530000,1470000,1390000,1310000,1260000,1200000,1130000,1130000,1080000,1020000,1080000,1150000,1240000,1310000,1410000,1420000,1730000,1750000,1690000,1600000,1490000,1390000,1320000,1330000,1130000,941000,783000,613000,555000,551000,499000,438000,380000,353000,366000,266000,236000,263000,215000,239000,,202000,
Mozambique,,,,889000,,,,,,815000,,899000,934000,734000,,713000,739000,987000,1070000,1080000,1070000,1110000,1160000,1210000,1210000,1190000,,,1670000,1600000,1520000,1420000,1630000,,1250000,1090000,970000,783000,659000,624000,573000,692000,698000,659000,642000,579000,,
Myanmar,,1310000,,1080000,1490000,,,,1410000,,,,,,,,,,,,,,,,,,,,,,376000,313000,414000,324000,398000,416000,436000,436000,420000,506000,541000,,,,193000,,,21700
Namibia,,,,,,,,,,,,,,,,,,,,54500,55000,,47700,,43200,42400,46000,44700,40700,41300,37300,35900,32400,34000,43700,44300,54500,45700,48700,49600,50600,,43800,36100,,,,
Nauru,,,,,,,,,,,,,,,,,,,,,,,,,,,,,,,,,,,,,,,,,,,315,,190,,263,
Nepal,,,,,,,,,,,,,,832000,832000,,,,788000,,,,,,,,,,,1030000,858000,,,664000,650000,,,,,,,53000,13900,,185000,104000,102000,159000
Netherlands,,105000,115000,125000,137000,139000,124000,118000,110000,100000,96000,101000,124000,144000,155000,156000,88900,66300,48500,42100,43900,51700,62400,69900,11400,8790,6890,3830,,6240,5770,6300,6830,12700,19700,20700,15800,5800,2530,9,3260,6160,15000,,,38200,26700,
New Zealand,106,795,367,1860,2070,1610,1220,1530,2000,2080,1870,2390,2710,3910,1590,1310,732,420,323,510,1460,3140,7700,,9430,5060,3550,852,1610,,,,,,,,,,,,,,,8030,9290,8540,5640,
Nicaragua,202000,193000,196000,197000,202000,198000,198000,209000,226000,,195000,,217000,221000,237000,217000,230000,225000,229000,247000,235000,221000,200000,197000,193000,209000,216000,,,139000,113000,78200,20400,,6490,4980,12700,14500,7830,,11900,,,,,,,
Niger,,,,719000,738000,,,757000,770000,,,804000,,,,,873000,,,980000,1020000,1040000,1100000,,,,,1220000,1260000,1270000,1310000,1290000,1270000,1250000,1230000,1290000,1320000,1350000,1320000,1290000,1240000,1150000,1160000,1220000,1270000,1270000,1280000,
Nigeria,,,,,,,,,,,,,,,,,,,,,,,,,,,,,,7030000,6570000,,,,6830000,6910000,6990000,6540000,8360000,8360000,8630000,,,,,,,
North Korea,,,,,,,,,,,,,,,,,,,,,,,,,,,,,,,,,,,,,,,,52600,,,,,,,,
Norway,,9010,6950,,,,1230,1420,4010,5410,3270,6330,7210,,9760,13100,12500,9990,7610,4230,835,133,1090,4140,5030,5770,5650,62000,1060,840,1230,1010,1170,624,2820,6490,6120,4020,3190,3640,3940,2550,1320,607,719,1010,848,
Oman,,,,114000,110000,104000,107000,,103000,102000,,103000,103000,103000,96300,97500,89900,89600,96400,98000,99000,99900,98700,90800,89000,85100,75500,73200,65300,58500,54800,50900,51000,55600,,,,,,6730,,10200,7060,5550,6470,7200,4950,
Pakistan,,,,,,,,,,,,,,,,,,,,,,,,,,,,,,,,,7880000,7570000,6540000,6180000,6680000,5760000,5600000,5310000,5030000,5610000,5760000,6120000,5680000,5670000,4900000,
Palau,,,,,,,,,,,,,,,,,,,,,,,,,,,,,,,,,,,,,,,,,,,,13,8,,,
Palestine,,,,,,,,,,,,,,,,,,,,,,,,,,,,,,36900,36400,45600,47600,52000,61100,71700,69300,70600,61600,53400,47200,43300,31500,32900,31600,36700,37700,
Panama,65800,46200,40500,35700,,32400,34000,,28900,33900,37900,42800,46600,50900,52100,50500,51000,48600,51800,47000,46600,,,,,,,,,25800,19400,14600,6510,,5560,7360,5010,5410,9980,22700,15900,20800,22700,30200,41100,53700,,
Papua New Guinea,,,,,,,,,,,,,,,,,,,,259000,,,,,,,,,,,,,,,,,,,,,,,185000,,,,,
Paraguay,86100,,85200,84100,,100000,96900,93900,86700,81100,70700,61300,39400,60700,64400,66800,74900,72900,65500,55800,45800,33800,28600,26500,60700,62800,38300,,,23300,17200,17200,30900,37600,42200,38100,52200,66700,78500,85700,83500,82100,85400,,,,,
Peru,525000,,,484000,,,,,,,404000,259000,241000,,,142000,,,294000,,,,,210000,,395000,417000,440000,7750,1200,1670,9100,10200,16400,30900,36700,37100,38400,41700,38200,38300,48600,238000,145000,162000,72900,19900,
Philippines,,,,,,,221000,,,279000,,522000,531000,670000,741000,465000,529000,520000,352000,225000,146000,,435000,538000,716000,,459000,,926000,1270000,,1220000,1180000,1160000,1250000,1360000,1590000,1570000,1430000,1190000,,,,326000,,483000,,
Poland,,,,,,,,,,,,,,,,,,,,,,,,,,,,,,106000,110000,116000,142000,167000,185000,195000,184000,173000,161000,137000,121000,117000,103000,94600,101000,107000,99200,
Portugal,,,,122000,122000,,76900,66000,41200,,46000,41000,,,21700,5520,3480,4700,,,2610,15100,3150,2200,12700,3860,3040,,,,19700,,,,5480,4660,5980,,,4160,3370,6350,5700,6510,11800,17600,21700,
Qatar,,2690,2230,2180,2460,,2150,1950,1180,912,920,1360,1200,1910,2080,2960,2840,4370,5200,5970,7260,10100,12100,13000,10500,,,,1470,811,2210,1830,1100,1980,2370,473,4850,1100,,2300,3860,1060,2550,6890,7260,4340,2910,
Romania,,,,,,,,,,,,,,,,,,,,,,,,366000,251000,172000,139000,126000,64700,95900,94500,90800,59900,26800,10000,21800,43400,45600,48900,48900,53000,58300,67400,,,96300,105000,
Russia,,,,,,,,,,,,,,,,,,,,,,,,,231000,491000,,,,,,,,,,,390000,337000,265000,190000,,144000,146000,141000,215000,149000,147000,
Rwanda,,,,299000,319000,342000,,333000,326000,,,,,,,,,,,,,,,,,,,,,241000,,,226000,143000,,,,,,,,,,,,,76900,
Samoa,,,,,,,,,,,,,,,,,,,,,,,,,1780,,,,1060,2080,2470,1530,,,,,,456,,75,904,1390,1110,,800,802,1110,
San Marino,,,,,,,,,,,,,,,,,,,,,,,,,,,,,,,,,,,,,,,,135,98,,117,,,,,
Sao Tome and Principe,,,,,,,,,,,,,,423,451,,,1440,1160,,474,,,,,,,,,4330,,,835,519,240,290,,2750,2580,2380,2440,,,2890,2770,2830,,1010
Saudi Arabia,,,,,,,,,,778000,,,,,,,,,,,,,,,,,,,,,,,,,,,,,,281000,105000,107000,14600,68400,80300,,,
Senegal,,,,,,,,,586000,587000,599000,607000,613000,618000,632000,646000,592000,,625000,658000,692000,,748000,,787000,,758000,709000,684000,715000,679000,,,604000,665000,657000,623000,587000,584000,590000,586000,591000,543000,586000,589000,611000,677000,
Serbia,,,,,,,,,,,,,,,,,,,,,,,,,,,,,,,,,,,,937,422,4880,5770,11300,16100,8180,11000,10500,3980,2190,2250,
Seychelles,,,,,,,,,,1600,,,,,,,,,,,,,,1190,887,802,765,,52,,652,1300,603,437,401,378,,,,,,,,,,,,
Sierra Leone,,,,,,,,,,,,,,384000,,,,,,,,,,,,,,,,,,,,,,,,,,,,,74500,14900,,60600,10100,
Singapore,,,,,,,,,,,,,,,,,,,,,,,,,,,,,,,,,,,,,,,,,,,,,,,136,
Slovenia,,,,,,,,,,,,,,,,,,,,,,,,,,7550,5550,4710,2270,3260,3970,3300,2620,1820,261,1220,1750,2220,2040,2090,2160,2100,1590,2330,2640,2290,,
Solomon Islands,,,,,,,,,,,,,,,,,,,,,,,,,,,,,,,,,,,,18400,14900,15100,,,,,,26000,26800,27000,25600,
Somalia,,,,,,,498000,571000,672000,756000,831000,,,,,,,,,,,,,,,,,,,,,,,,,,,,,,,,,,,,,
South Africa,1460000,,,,,,,,,,,,,,,,,,,,,896000,,,606000,529000,,,488000,423000,560000,555000,550000,534000,547000,641000,,,,,,,,,,914000,,
South Korea,,224000,135000,175000,194000,176000,126000,174000,156000,69400,2840,3760,11000,13600,43400,69400,81300,23000,5330,5340,10200,11900,19000,28500,41800,59500,67400,54600,77400,53200,32300,75100,88000,55000,64600,12600,12700,11400,8280,13900,27200,33900,79400,160000,150000,74100,,
South Sudan,,,,,,,,,,,,,,,,,,,,,,,,,,,,,,,,,,,,,,,,,,1010000,,,,1300000,,
Spain,,229000,187000,156000,,17500,3050,29800,49300,46200,27900,27200,,13800,8070,6880,6480,25400,50500,30400,29600,9080,16600,321,399,992,1500,1680,,3540,4550,5730,4380,3450,6070,9180,5420,2890,3530,7090,9960,8650,9060,24600,42000,30800,42800,
Sri Lanka,,,,,,,,380000,,,,,,,,,38000,,,,,,,,,,,,,,,1950,1230,6210,51000,44400,53200,59800,74500,113000,85500,83900,81400,61800,47300,16100,16000,
St. Lucia,,,,,,,,,,,,1920,1420,232,309,,,,,,629,,,,,,,,,,2290,2180,401,693,1190,1710,1100,1200,,,,,,,,,,
St. Vincent and the Grenadines,,,,,,,,,,,,,,,1270,,585,,,,,,,,98,,,,,,291,,150,81,93,262,,233,356,235,208,444,116,484,,157,243,
Sudan,,,,,,,,,,,,,,,,,,,,,,,,,,,,,,,,,,,,,,,,,,2340000,2540000,,,,,
Suriname,,,,,,,,4290,3170,,,,,,,539,,678,593,,,,,,,,,,,,,,,,,10500,9300,10400,6640,4420,5120,5810,5110,5050,5100,3940,3130,
Swaziland,39200,40500,39900,38500,38900,37700,37900,37900,38900,39100,37700,35000,36200,38500,39100,38100,41200,42100,44500,47200,45400,46800,47100,51500,52200,51800,58200,,,,,,,,,,,,,54700,43700,41700,44300,51800,50400,53100,,
Sweden,,,,,,,3900,,,,,,25900,,,,,11200,9450,7190,2810,1600,939,2150,611,7180,1250,1130,,1600,4070,1970,3410,6480,22100,31700,32300,23300,9280,3810,3500,3000,2370,1980,1810,2380,,
Switzerland,,,,,,,,148000,143000,,,125000,121000,118000,117000,113000,108000,101000,91000,81100,73600,70900,72300,77600,83400,53700,45000,,,2600,3560,3970,3980,3980,6100,10400,12000,11100,7250,4740,4360,3620,3700,1720,1670,1760,1150,
Syria,,309000,,220000,206000,211000,208000,203000,215000,226000,222000,231000,236000,239000,214000,194000,169000,106000,112000,108000,118000,97400,90200,91100,87200,87700,91100,113000,87400,89600,81200,63900,59700,28600,18200,15100,18200,20600,19900,22300,21900,,,667000,,,,
Tajikistan,,,,,,,,,,,,,,,,,,,,,,,,,,,,,,,31000,34200,22100,21600,18400,20700,23800,31800,16100,12800,11200,12300,12600,16600,29200,35100,34000,11400
Tanzania,,,,,,,1600000,,,,1060000,1150000,1370000,1470000,1640000,1810000,1930000,2050000,2190000,2260000,2360000,2480000,2560000,2690000,2840000,2930000,3000000,3060000,3180000,3240000,3080000,2860000,1930000,1410000,1140000,865000,497000,,454000,,1060000,,1530000,1850000,2090000,,,
Thailand,,,,1780000,1810000,,,,,,,,,,,,,,,,,,,,,,,,,,,,,,,,63600,86600,116000,107000,,,,,461000,522000,,
Timor-Leste,,,,,,,,,,,,,,,,,,,,,,,,,,,,,,,,,,,,,,,62000,44500,24600,14000,16100,18600,24200,31400,39200,
Togo,,167000,170000,,,,,,125000,124000,126000,,148000,166000,210000,228000,262000,218000,224000,230000,229000,218000,,,265000,209000,159000,181000,,89400,118000,95800,74000,89800,68400,75700,59800,91800,83200,,,,,,98100,40500,161000,
Tonga,1980,1830,879,,1800,457,,,,,,,179,1380,154,434,464,,,,1190,,,1130,,,,,869,1410,,150,,,291,178,164,,,,,,246,621,207,,,
Trinidad and Tobago,,13600,15200,16500,16300,14100,8090,6580,9600,17100,22400,14300,12400,12600,14000,13700,17100,13700,12600,15600,19800,21100,22400,24300,,,21700,21100,,3540,2720,3430,8000,5710,4600,8270,,3880,2490,2090,1570,,,,,,,
Tunisia,,200000,,,,232000,,,216000,205000,187000,172000,147000,117000,90000,83800,78100,74000,71700,67600,72900,61700,57900,48100,48500,45900,58400,72900,,71300,56100,32400,6050,3390,1730,12000,14200,23700,19800,13600,3510,3490,1010,3680,,,,
Turkey,,,,,739000,,,,,,,,,,,488000,437000,463000,362000,367000,257000,304000,294000,453000,506000,542000,,1520000,,320000,263000,228000,208000,181000,162000,143000,127000,97900,150000,308000,258000,312000,401000,337000,268000,264000,,
Tuvalu,,,,,,,,,,,,,,,,,,,,,,,,,,,,,,,,,,,,,,,,,,,,,4,,,
Uganda,,,,,,,,,,1520000,,1520000,1520000,,,,1300000,,,,,,,,,,,,,,,,,,,,,,,630000,881000,710000,,714000,,,,
Ukraine,,,,,,,,,,,,,,,,,,,,,,,,,,,,,,,,,60000,200000,196000,184000,197000,198000,196000,185000,144000,111000,95900,92500,122000,,,
United Arab Emirates,,,,,,,,,15000,,22500,28600,26500,34800,38200,42100,44800,28900,24300,16200,9040,8240,16400,25800,32000,31900,40100,51400,52000,,,,,,,,,17800,,37100,28200,28100,19200,22100,18500,16400,11900,
United Kingdom,,106000,156000,212000,240000,242000,233000,211000,202000,187000,113000,114000,154000,218000,232000,271000,200000,83500,15800,11800,8870,80900,149000,,,,,,4380,2610,2380,2750,11400,4160,30400,60,19000,97100,46600,77400,68500,68500,58200,4680,4050,2630,,
United States,,,,,,4240000,,,,,,,,,,,1380000,1000000,,,285000,288000,,729000,885000,679000,949000,,,,,,,,,,,,,,,,,,,,,
Uruguay,,,,,,,,,,,,,,44000,43700,39200,38000,40800,,,,25100,18700,16500,21700,23500,25400,25200,,,,,,,,7820,167,5960,2310,1710,481,,,1500,16300,6790,,
Uzbekistan,,,,,,,,,,,,,,,,,,,,,,,,,,,,,,,,,,,,,,174000,200000,203000,176000,157000,121000,95000,72700,61700,55900,33700
Vanuatu,,,,,,,,,,,,2990,,,,,,,,6090,,,,,,,,,557,685,201,127,238,103,759,277,,,,,,,,,,5100,,
Venezuela,,556000,592000,630000,681000,675000,611000,571000,522000,484000,,,,,,,,,,,,,,,,,,,,502000,419000,330000,230000,275000,266000,306000,282000,248000,311000,245000,218000,219000,218000,245000,255000,279000,388000,
Vietnam,,,,,,,,182000,659000,,,451000,,,,681000,,,,,,,,,,,,,78700,151000,243000,362000,635000,,,792000,619000,,194000,107000,123000,39700,120000,127000,,,,
Yemen,,,,,,,,,,,,,,,,,,,,,,,,,,,,,,1430000,,1230000,,1060000,964000,890000,,,887000,,717000,,606000,600000,,,704000,
Zambia,,,185000,,,,192000,200000,220000,234000,243000,252000,264000,254000,248000,,246000,,293000,,,,,,462000,507000,,,609000,654000,674000,700000,661000,,425000,253000,308000,260000,257000,344000,425000,329000,289000,363000,,,,
Zimbabwe,,,,,,,,,,,,,36500,,18500,,29800,,,,,,,,,,,,378000,327000,310000,263000,349000,383000,,,,,,,,,314000,399000,,,,
